<?xml version="1.0" encoding="UTF-8"?>
<!-- This sitemap was dynamically generated on August 25, 2022 at 12:07 pm by All in One SEO - the original SEO plugin for WordPress. -->

<?xml-stylesheet type="text/xsl" href="/default.xsl"?>

<rss version="2.0">
	<channel>
		<title>Flame Metaverse</title>
		<link><![CDATA[https://flamemetaverse.net]]></link>
		<description><![CDATA[Flame Metaverse]]></description>
		<lastBuildDate><![CDATA[2022-05-05T16:43:40+00:00]]></lastBuildDate>
		<docs>https://validator.w3.org/feed/docs/rss2.html</docs>
		<ttl>0</ttl>

		<item>
			<guid><![CDATA[https://flamemetaverse.net/]]></guid>
			<link><![CDATA[https://flamemetaverse.net/]]></link>
			<title>Flamemetaverse</title>
			<pubDate><![CDATA[2022-05-05T16:43:40+00:00]]></pubDate>
		</item>
					<item>
			<guid><![CDATA[https://flamemetaverse.net/swap/]]></guid>
			<link><![CDATA[https://flamemetaverse.net/swap/]]></link>
			<title>SWAP</title>
			<pubDate><![CDATA[2022-01-19T18:25:43+00:00]]></pubDate>
		</item>
					<item>
			<guid><![CDATA[https://flamemetaverse.net/blog/]]></guid>
			<link><![CDATA[https://flamemetaverse.net/blog/]]></link>
			<title>Blog</title>
			<pubDate><![CDATA[2018-10-31T13:47:42+00:00]]></pubDate>
		</item>
				</channel>
</rss>
